content_id,platform,time_slot,decision
1,Instagram,22,SCHEDULE
2,Instagram,19,POST_NOW
3,YouTube,21,SCHEDULE
4,YouTube,21,SCHEDULE
5,Instagram,18,SCHEDULE
6,YouTube,23,SCHEDULE
7,Instagram,18,SCHEDULE
8,YouTube,22,SCHEDULE
9,YouTube,20,SCHEDULE
10,Instagram,22,SCHEDULE
11,YouTube,21,SCHEDULE
12,YouTube,21,SCHEDULE
13,YouTube,23,SCHEDULE
14,Instagram,20,SCHEDULE
15,Instagram,22,SCHEDULE
16,YouTube,23,SCHEDULE
17,Instagram,21,SCHEDULE
18,Instagram,21,SCHEDULE
19,YouTube,21,SCHEDULE
20,Instagram,18,SCHEDULE
21,Instagram,19,SCHEDULE
22,YouTube,23,SCHEDULE
23,Instagram,22,POST_NOW
24,Instagram,21,SCHEDULE
25,YouTube,22,SCHEDULE
26,Instagram,19,SCHEDULE
27,YouTube,20,SCHEDULE
28,Instagram,18,SCHEDULE
29,YouTube,21,SCHEDULE
30,Instagram,21,SCHEDULE
31,Instagram,19,SCHEDULE
32,Instagram,21,SCHEDULE
33,YouTube,23,SCHEDULE
34,YouTube,21,SCHEDULE
35,Instagram,18,SCHEDULE
36,Instagram,21,SCHEDULE
37,YouTube,23,SCHEDULE
38,YouTube,23,SCHEDULE
39,Instagram,22,SCHEDULE
40,Instagram,21,SCHEDULE
41,YouTube,20,SCHEDULE
42,YouTube,21,SCHEDULE
43,Instagram,20,SCHEDULE
44,YouTube,21,SCHEDULE
45,Instagram,18,SCHEDULE
46,Instagram,20,SCHEDULE
47,YouTube,23,SCHEDULE
48,Instagram,21,POST_NOW
49,YouTube,21,SCHEDULE
50,Instagram,18,SCHEDULE
51,Instagram,21,SCHEDULE
52,YouTube,23,SCHEDULE
53,Instagram,21,SCHEDULE
54,YouTube,21,SCHEDULE
55,YouTube,23,SCHEDULE
56,YouTube,22,SCHEDULE
57,YouTube,22,SCHEDULE
58,YouTube,20,SCHEDULE
59,Instagram,21,SCHEDULE
60,YouTube,20,SCHEDULE
61,Instagram,21,SCHEDULE
62,Instagram,19,SCHEDULE
63,Instagram,19,SCHEDULE
64,YouTube,22,SCHEDULE
65,YouTube,20,SCHEDULE
66,YouTube,22,SCHEDULE
67,YouTube,23,SCHEDULE
68,YouTube,22,SCHEDULE
69,Instagram,20,SCHEDULE
70,Instagram,21,SCHEDULE
71,Instagram,19,SCHEDULE
72,Instagram,18,SCHEDULE
73,YouTube,20,SCHEDULE
74,YouTube,20,SCHEDULE
75,Instagram,21,SCHEDULE
76,Instagram,18,SCHEDULE
77,YouTube,21,SCHEDULE
78,YouTube,21,SCHEDULE
79,YouTube,21,SCHEDULE
80,YouTube,22,SCHEDULE
81,Instagram,19,SCHEDULE
82,YouTube,22,SCHEDULE
83,YouTube,23,SCHEDULE
84,Instagram,18,SCHEDULE
85,YouTube,22,SCHEDULE
86,YouTube,21,SCHEDULE
87,Instagram,18,SCHEDULE
88,YouTube,21,SCHEDULE
89,Instagram,22,SCHEDULE
90,YouTube,21,SCHEDULE
91,Instagram,22,SCHEDULE
92,YouTube,21,SCHEDULE
93,Instagram,18,POST_NOW
94,YouTube,20,SCHEDULE
95,Instagram,20,SCHEDULE
96,YouTube,20,SCHEDULE
97,YouTube,20,SCHEDULE
98,YouTube,23,SCHEDULE
99,YouTube,22,SCHEDULE
100,YouTube,20,SCHEDULE
101,YouTube,22,SCHEDULE
102,Instagram,21,SCHEDULE
103,Instagram,19,SCHEDULE
104,Instagram,18,SCHEDULE
105,YouTube,21,SCHEDULE
106,YouTube,22,SCHEDULE
107,Instagram,21,SCHEDULE
108,Instagram,19,SCHEDULE
109,Instagram,21,SCHEDULE
110,Instagram,19,SCHEDULE
111,Instagram,18,SCHEDULE
112,Instagram,20,SCHEDULE
113,Instagram,22,SCHEDULE
114,YouTube,22,SCHEDULE
115,YouTube,21,SCHEDULE
116,YouTube,20,SCHEDULE
117,YouTube,22,SCHEDULE
118,YouTube,22,SCHEDULE
119,Instagram,21,SCHEDULE
120,Instagram,21,SCHEDULE
121,Instagram,19,POST_NOW
122,Instagram,21,SCHEDULE
123,YouTube,22,SCHEDULE
124,YouTube,21,SCHEDULE
125,YouTube,20,SCHEDULE
126,Instagram,22,SCHEDULE
127,YouTube,21,SCHEDULE
128,Instagram,19,SCHEDULE
129,YouTube,21,POST_NOW
130,Instagram,18,SCHEDULE
131,Instagram,18,SCHEDULE
132,Instagram,19,SCHEDULE
133,YouTube,20,SCHEDULE
134,YouTube,21,SCHEDULE
135,Instagram,22,SCHEDULE
136,Instagram,19,SCHEDULE
137,YouTube,23,SCHEDULE
138,YouTube,23,SCHEDULE
139,YouTube,23,SCHEDULE
140,Instagram,22,SCHEDULE
141,YouTube,23,SCHEDULE
142,Instagram,19,SCHEDULE
143,YouTube,23,SCHEDULE
144,YouTube,23,SCHEDULE
145,YouTube,20,SCHEDULE
146,YouTube,21,SCHEDULE
147,YouTube,23,SCHEDULE
148,Instagram,20,SCHEDULE
149,YouTube,23,SCHEDULE
150,YouTube,23,SCHEDULE
151,Instagram,19,SCHEDULE
152,YouTube,22,SCHEDULE
153,YouTube,20,SCHEDULE
154,Instagram,20,SCHEDULE
155,YouTube,23,SCHEDULE
156,YouTube,20,SCHEDULE
157,YouTube,23,SCHEDULE
158,YouTube,21,SCHEDULE
159,Instagram,22,SCHEDULE
160,Instagram,21,SCHEDULE
161,YouTube,20,SCHEDULE
162,YouTube,20,SCHEDULE
163,Instagram,21,SCHEDULE
164,YouTube,20,SCHEDULE
165,Instagram,22,SCHEDULE
166,YouTube,20,SCHEDULE
167,Instagram,21,SCHEDULE
168,Instagram,19,SCHEDULE
169,Instagram,22,SCHEDULE
170,Instagram,21,SCHEDULE
171,YouTube,22,SCHEDULE
172,YouTube,23,SCHEDULE
173,YouTube,20,SCHEDULE
174,YouTube,21,SCHEDULE
175,YouTube,20,SCHEDULE
176,Instagram,19,POST_NOW
177,YouTube,21,SCHEDULE
178,Instagram,21,SCHEDULE
179,Instagram,21,SCHEDULE
180,YouTube,20,SCHEDULE
181,Instagram,21,SCHEDULE
182,YouTube,23,SCHEDULE
183,YouTube,21,SCHEDULE
184,YouTube,23,SCHEDULE
185,Instagram,19,SCHEDULE
186,Instagram,21,SCHEDULE
187,YouTube,23,SCHEDULE
188,YouTube,22,SCHEDULE
189,Instagram,21,SCHEDULE
190,Instagram,22,SCHEDULE
191,YouTube,22,SCHEDULE
192,Instagram,22,SCHEDULE
193,YouTube,21,SCHEDULE
194,YouTube,23,SCHEDULE
195,YouTube,20,SCHEDULE
196,YouTube,23,SCHEDULE
197,Instagram,21,SCHEDULE
198,Instagram,22,SCHEDULE
199,Instagram,21,SCHEDULE
200,YouTube,21,SCHEDULE
201,YouTube,22,SCHEDULE
202,YouTube,20,SCHEDULE
203,Instagram,19,SCHEDULE
204,Instagram,21,SCHEDULE
205,YouTube,22,SCHEDULE
206,Instagram,22,SCHEDULE
207,Instagram,20,SCHEDULE
208,Instagram,21,POST_NOW
209,YouTube,20,SCHEDULE
210,YouTube,23,SCHEDULE
211,Instagram,21,SCHEDULE
212,YouTube,23,SCHEDULE
213,YouTube,22,SCHEDULE
214,YouTube,21,SCHEDULE
215,Instagram,22,POST_NOW
216,YouTube,20,SCHEDULE
217,YouTube,21,SCHEDULE
218,YouTube,20,SCHEDULE
219,Instagram,22,SCHEDULE
220,Instagram,21,SCHEDULE
221,Instagram,21,SCHEDULE
222,Instagram,18,SCHEDULE
223,Instagram,19,POST_NOW
224,YouTube,20,SCHEDULE
225,Instagram,21,SCHEDULE
226,Instagram,20,SCHEDULE
227,YouTube,22,SCHEDULE
228,Instagram,19,SCHEDULE
229,Instagram,20,SCHEDULE
230,Instagram,18,SCHEDULE
231,YouTube,22,SCHEDULE
232,YouTube,20,SCHEDULE
233,YouTube,23,POST_NOW
234,Instagram,18,SCHEDULE
235,YouTube,21,SCHEDULE
236,YouTube,23,SCHEDULE
237,Instagram,18,SCHEDULE
238,YouTube,22,SCHEDULE
239,Instagram,21,SCHEDULE
240,YouTube,23,SCHEDULE
241,Instagram,19,SCHEDULE
242,Instagram,22,SCHEDULE
243,YouTube,22,SCHEDULE
244,Instagram,19,SCHEDULE
245,YouTube,22,SCHEDULE
246,YouTube,23,SCHEDULE
247,YouTube,20,SCHEDULE
248,YouTube,23,SCHEDULE
249,Instagram,21,SCHEDULE
250,Instagram,19,SCHEDULE
251,Instagram,19,SCHEDULE
252,Instagram,21,POST_NOW
253,Instagram,21,SCHEDULE
254,Instagram,21,SCHEDULE
255,YouTube,23,SCHEDULE
256,YouTube,21,SCHEDULE
257,Instagram,22,SCHEDULE
258,Instagram,20,SCHEDULE
259,Instagram,20,SCHEDULE
260,Instagram,18,SCHEDULE
261,Instagram,19,POST_NOW
262,YouTube,21,POST_NOW
263,Instagram,22,SCHEDULE
264,Instagram,22,SCHEDULE
265,YouTube,21,POST_NOW
266,YouTube,20,SCHEDULE
267,YouTube,20,SCHEDULE
268,YouTube,23,SCHEDULE
269,Instagram,22,SCHEDULE
270,Instagram,21,SCHEDULE
271,YouTube,23,SCHEDULE
272,YouTube,23,SCHEDULE
273,Instagram,19,SCHEDULE
274,YouTube,22,SCHEDULE
275,YouTube,23,SCHEDULE
276,YouTube,22,SCHEDULE
277,Instagram,20,SCHEDULE
278,YouTube,20,SCHEDULE
279,Instagram,18,SCHEDULE
280,YouTube,21,SCHEDULE
281,YouTube,21,SCHEDULE
282,Instagram,19,SCHEDULE
283,YouTube,23,SCHEDULE
284,YouTube,22,SCHEDULE
285,Instagram,19,SCHEDULE
286,YouTube,20,SCHEDULE
287,YouTube,23,POST_NOW
288,Instagram,21,SCHEDULE
289,Instagram,22,SCHEDULE
290,YouTube,23,SCHEDULE
291,YouTube,21,SCHEDULE
292,YouTube,23,SCHEDULE
293,Instagram,18,SCHEDULE
294,YouTube,22,SCHEDULE
295,YouTube,23,SCHEDULE
296,Instagram,22,SCHEDULE
297,YouTube,20,SCHEDULE
298,YouTube,22,POST_NOW
299,Instagram,19,SCHEDULE
300,YouTube,23,SCHEDULE
301,YouTube,23,POST_NOW
302,Instagram,22,SCHEDULE
303,Instagram,22,SCHEDULE
304,Instagram,19,SCHEDULE
305,Instagram,19,SCHEDULE
306,YouTube,23,SCHEDULE
307,YouTube,22,SCHEDULE
308,YouTube,20,SCHEDULE
309,Instagram,19,SCHEDULE
310,Instagram,19,SCHEDULE
311,YouTube,23,SCHEDULE
312,Instagram,22,SCHEDULE
313,Instagram,19,SCHEDULE
314,Instagram,18,SCHEDULE
315,Instagram,19,SCHEDULE
316,Instagram,20,SCHEDULE
317,Instagram,22,SCHEDULE
318,Instagram,20,SCHEDULE
319,YouTube,23,SCHEDULE
320,Instagram,22,SCHEDULE
321,YouTube,22,SCHEDULE
322,Instagram,20,SCHEDULE
323,YouTube,22,SCHEDULE
324,YouTube,21,SCHEDULE
325,Instagram,19,SCHEDULE
326,Instagram,19,SCHEDULE
327,YouTube,20,SCHEDULE
328,YouTube,22,SCHEDULE
329,YouTube,22,SCHEDULE
330,YouTube,23,SCHEDULE
331,YouTube,23,SCHEDULE
332,Instagram,19,SCHEDULE
333,YouTube,23,SCHEDULE
334,YouTube,21,SCHEDULE
335,Instagram,21,SCHEDULE
336,YouTube,23,SCHEDULE
337,YouTube,23,SCHEDULE
338,Instagram,21,SCHEDULE
339,YouTube,20,SCHEDULE
340,YouTube,22,SCHEDULE
341,Instagram,20,SCHEDULE
342,YouTube,20,SCHEDULE
343,YouTube,23,SCHEDULE
344,Instagram,21,SCHEDULE
345,Instagram,22,SCHEDULE
346,Instagram,22,SCHEDULE
347,Instagram,19,SCHEDULE
348,Instagram,21,SCHEDULE
349,Instagram,18,SCHEDULE
350,YouTube,22,SCHEDULE
351,Instagram,20,SCHEDULE
352,Instagram,18,SCHEDULE
353,YouTube,22,SCHEDULE
354,YouTube,23,SCHEDULE
355,YouTube,23,SCHEDULE
356,Instagram,20,SCHEDULE
357,Instagram,20,SCHEDULE
358,Instagram,21,SCHEDULE
359,Instagram,22,SCHEDULE
360,YouTube,20,SCHEDULE
361,YouTube,22,SCHEDULE
362,Instagram,21,SCHEDULE
363,Instagram,22,SCHEDULE
364,YouTube,21,SCHEDULE
365,Instagram,19,SCHEDULE
366,YouTube,20,SCHEDULE
367,Instagram,22,SCHEDULE
368,YouTube,23,SCHEDULE
369,YouTube,23,SCHEDULE
370,Instagram,22,SCHEDULE
371,YouTube,21,SCHEDULE
372,Instagram,19,SCHEDULE
373,Instagram,22,SCHEDULE
374,Instagram,21,SCHEDULE
375,YouTube,23,SCHEDULE
376,YouTube,22,SCHEDULE
377,Instagram,21,SCHEDULE
378,Instagram,20,SCHEDULE
379,Instagram,21,SCHEDULE
380,YouTube,21,SCHEDULE
381,YouTube,20,SCHEDULE
382,Instagram,21,SCHEDULE
383,Instagram,22,SCHEDULE
384,YouTube,21,SCHEDULE
385,Instagram,22,SCHEDULE
386,YouTube,21,SCHEDULE
387,YouTube,20,SCHEDULE
388,Instagram,21,SCHEDULE
389,YouTube,22,SCHEDULE
390,Instagram,22,SCHEDULE
391,Instagram,21,SCHEDULE
392,Instagram,21,SCHEDULE
393,YouTube,22,SCHEDULE
394,YouTube,21,SCHEDULE
395,Instagram,22,SCHEDULE
396,YouTube,20,SCHEDULE
397,YouTube,20,SCHEDULE
398,Instagram,18,SCHEDULE
399,Instagram,22,POST_NOW
400,Instagram,19,SCHEDULE
401,YouTube,20,SCHEDULE
402,Instagram,18,SCHEDULE
403,YouTube,20,SCHEDULE
404,Instagram,19,SCHEDULE
405,YouTube,23,SCHEDULE
406,Instagram,20,SCHEDULE
407,YouTube,23,POST_NOW
408,YouTube,23,SCHEDULE
409,YouTube,22,SCHEDULE
410,Instagram,22,SCHEDULE
411,Instagram,19,SCHEDULE
412,Instagram,21,SCHEDULE
413,Instagram,19,SCHEDULE
414,Instagram,19,SCHEDULE
415,YouTube,22,SCHEDULE
416,Instagram,22,SCHEDULE
417,Instagram,22,SCHEDULE
418,YouTube,21,SCHEDULE
419,YouTube,23,SCHEDULE
420,Instagram,18,SCHEDULE
421,YouTube,21,SCHEDULE
422,Instagram,18,SCHEDULE
423,YouTube,20,SCHEDULE
424,YouTube,23,SCHEDULE
425,Instagram,22,SCHEDULE
426,Instagram,22,SCHEDULE
427,Instagram,19,SCHEDULE
428,Instagram,22,SCHEDULE
429,Instagram,21,SCHEDULE
430,YouTube,22,SCHEDULE
431,Instagram,19,SCHEDULE
432,Instagram,21,SCHEDULE
433,YouTube,21,SCHEDULE
434,Instagram,18,SCHEDULE
435,Instagram,22,SCHEDULE
436,YouTube,21,SCHEDULE
437,YouTube,20,POST_NOW
438,YouTube,23,SCHEDULE
439,YouTube,20,SCHEDULE
440,Instagram,18,SCHEDULE
441,YouTube,23,SCHEDULE
442,YouTube,20,SCHEDULE
443,Instagram,21,SCHEDULE
444,YouTube,21,SCHEDULE
445,Instagram,22,POST_NOW
446,YouTube,22,SCHEDULE
447,Instagram,20,SCHEDULE
448,Instagram,22,SCHEDULE
449,Instagram,19,SCHEDULE
450,YouTube,23,SCHEDULE
451,Instagram,19,SCHEDULE
452,YouTube,21,SCHEDULE
453,YouTube,22,SCHEDULE
454,YouTube,23,SCHEDULE
455,YouTube,21,SCHEDULE
456,Instagram,21,SCHEDULE
457,Instagram,19,SCHEDULE
458,YouTube,21,SCHEDULE
459,YouTube,20,SCHEDULE
460,Instagram,21,SCHEDULE
461,YouTube,22,SCHEDULE
462,Instagram,22,SCHEDULE
463,Instagram,21,SCHEDULE
464,Instagram,19,SCHEDULE
465,YouTube,21,SCHEDULE
466,YouTube,21,SCHEDULE
467,YouTube,23,SCHEDULE
468,Instagram,20,SCHEDULE
469,Instagram,22,SCHEDULE
470,Instagram,22,SCHEDULE
471,YouTube,22,SCHEDULE
472,Instagram,21,SCHEDULE
473,Instagram,19,SCHEDULE
474,Instagram,19,SCHEDULE
475,YouTube,22,SCHEDULE
476,YouTube,20,SCHEDULE
477,YouTube,23,SCHEDULE
478,YouTube,21,SCHEDULE
479,YouTube,21,SCHEDULE
480,Instagram,18,SCHEDULE
481,YouTube,22,SCHEDULE
482,Instagram,21,SCHEDULE
483,YouTube,23,SCHEDULE
484,Instagram,19,SCHEDULE
485,YouTube,20,SCHEDULE
486,YouTube,22,SCHEDULE
487,YouTube,20,SCHEDULE
488,YouTube,21,SCHEDULE
489,YouTube,20,SCHEDULE
490,YouTube,21,SCHEDULE
491,Instagram,19,SCHEDULE
492,YouTube,20,SCHEDULE
493,YouTube,21,SCHEDULE
494,YouTube,21,SCHEDULE
495,YouTube,21,SCHEDULE
496,Instagram,18,SCHEDULE
497,YouTube,23,SCHEDULE
498,YouTube,20,SCHEDULE
499,YouTube,23,SCHEDULE
500,YouTube,20,SCHEDULE
501,Instagram,19,SCHEDULE
502,YouTube,22,SCHEDULE
503,YouTube,20,SCHEDULE
504,YouTube,20,SCHEDULE
505,YouTube,20,SCHEDULE
506,YouTube,22,SCHEDULE
507,Instagram,21,SCHEDULE
508,Instagram,22,SCHEDULE
509,YouTube,21,SCHEDULE
510,YouTube,21,SCHEDULE
511,YouTube,23,SCHEDULE
512,YouTube,21,SCHEDULE
513,YouTube,21,SCHEDULE
514,Instagram,18,SCHEDULE
515,Instagram,22,SCHEDULE
516,Instagram,20,SCHEDULE
517,YouTube,21,POST_NOW
518,YouTube,21,POST_NOW
519,YouTube,23,SCHEDULE
520,YouTube,22,SCHEDULE
521,Instagram,21,SCHEDULE
522,YouTube,21,SCHEDULE
523,YouTube,21,SCHEDULE
524,Instagram,20,SCHEDULE
525,Instagram,18,SCHEDULE
526,Instagram,21,SCHEDULE
527,Instagram,22,SCHEDULE
528,Instagram,21,SCHEDULE
529,YouTube,21,SCHEDULE
530,Instagram,19,SCHEDULE
531,YouTube,20,SCHEDULE
532,YouTube,20,SCHEDULE
533,Instagram,18,SCHEDULE
534,Instagram,21,SCHEDULE
535,YouTube,21,SCHEDULE
536,Instagram,19,SCHEDULE
537,Instagram,22,SCHEDULE
538,YouTube,21,SCHEDULE
539,Instagram,18,SCHEDULE
540,Instagram,18,SCHEDULE
541,YouTube,22,SCHEDULE
542,YouTube,20,SCHEDULE
543,Instagram,21,SCHEDULE
544,Instagram,20,SCHEDULE
545,Instagram,22,SCHEDULE
546,Instagram,21,SCHEDULE
547,YouTube,22,SCHEDULE
548,YouTube,21,SCHEDULE
549,Instagram,18,SCHEDULE
550,Instagram,19,SCHEDULE
551,Instagram,19,SCHEDULE
552,Instagram,19,SCHEDULE
553,Instagram,22,SCHEDULE
554,Instagram,20,SCHEDULE
555,YouTube,20,SCHEDULE
556,Instagram,22,SCHEDULE
557,Instagram,19,SCHEDULE
558,YouTube,21,SCHEDULE
559,Instagram,19,SCHEDULE
560,YouTube,22,SCHEDULE
561,Instagram,22,SCHEDULE
562,YouTube,21,SCHEDULE
563,YouTube,20,SCHEDULE
564,Instagram,21,SCHEDULE
565,YouTube,21,SCHEDULE
566,YouTube,23,SCHEDULE
567,YouTube,20,SCHEDULE
568,Instagram,19,SCHEDULE
569,YouTube,21,SCHEDULE
570,Instagram,22,SCHEDULE
571,YouTube,23,SCHEDULE
572,YouTube,21,POST_NOW
573,YouTube,23,SCHEDULE
574,Instagram,22,SCHEDULE
575,YouTube,22,SCHEDULE
576,Instagram,22,SCHEDULE
577,Instagram,22,SCHEDULE
578,YouTube,22,SCHEDULE
579,YouTube,20,SCHEDULE
580,YouTube,21,SCHEDULE
581,YouTube,20,SCHEDULE
582,YouTube,20,POST_NOW
583,YouTube,22,SCHEDULE
584,YouTube,23,SCHEDULE
585,YouTube,21,SCHEDULE
586,YouTube,20,SCHEDULE
587,YouTube,22,SCHEDULE
588,Instagram,21,SCHEDULE
589,Instagram,21,SCHEDULE
590,Instagram,18,SCHEDULE
591,Instagram,21,SCHEDULE
592,YouTube,23,SCHEDULE
593,Instagram,18,SCHEDULE
594,YouTube,23,SCHEDULE
595,YouTube,22,SCHEDULE
596,YouTube,20,SCHEDULE
597,YouTube,23,SCHEDULE
598,Instagram,22,SCHEDULE
599,Instagram,22,SCHEDULE
600,YouTube,22,SCHEDULE
601,YouTube,22,SCHEDULE
602,Instagram,18,SCHEDULE
603,YouTube,23,SCHEDULE
604,YouTube,23,SCHEDULE
605,YouTube,21,SCHEDULE
606,YouTube,23,SCHEDULE
607,YouTube,21,POST_NOW
608,YouTube,21,SCHEDULE
609,Instagram,21,SCHEDULE
610,YouTube,23,SCHEDULE
611,YouTube,20,SCHEDULE
612,YouTube,23,SCHEDULE
613,Instagram,19,SCHEDULE
614,Instagram,19,SCHEDULE
615,YouTube,22,SCHEDULE
616,Instagram,19,SCHEDULE
617,YouTube,21,SCHEDULE
618,YouTube,23,SCHEDULE
619,YouTube,21,SCHEDULE
620,Instagram,21,SCHEDULE
621,Instagram,22,SCHEDULE
622,Instagram,18,SCHEDULE
623,YouTube,22,SCHEDULE
624,YouTube,21,SCHEDULE
625,YouTube,23,SCHEDULE
626,YouTube,21,SCHEDULE
627,YouTube,21,SCHEDULE
628,YouTube,21,SCHEDULE
629,YouTube,21,SCHEDULE
630,Instagram,19,SCHEDULE
631,Instagram,20,SCHEDULE
632,YouTube,20,SCHEDULE
633,YouTube,23,SCHEDULE
634,Instagram,22,SCHEDULE
635,Instagram,18,SCHEDULE
636,YouTube,20,SCHEDULE
637,YouTube,23,SCHEDULE
638,Instagram,19,POST_NOW
639,Instagram,18,SCHEDULE
640,Instagram,19,SCHEDULE
641,YouTube,21,SCHEDULE
642,YouTube,21,SCHEDULE
643,YouTube,20,SCHEDULE
644,YouTube,23,SCHEDULE
645,YouTube,21,POST_NOW
646,YouTube,22,SCHEDULE
647,YouTube,21,SCHEDULE
648,YouTube,23,SCHEDULE
649,Instagram,22,SCHEDULE
650,Instagram,18,POST_NOW
651,Instagram,21,POST_NOW
652,YouTube,21,SCHEDULE
653,YouTube,20,SCHEDULE
654,Instagram,21,SCHEDULE
655,YouTube,22,SCHEDULE
656,Instagram,21,SCHEDULE
657,YouTube,21,SCHEDULE
658,YouTube,21,SCHEDULE
659,Instagram,18,SCHEDULE
660,YouTube,20,POST_NOW
661,YouTube,23,SCHEDULE
662,Instagram,20,SCHEDULE
663,Instagram,22,SCHEDULE
664,Instagram,22,SCHEDULE
665,YouTube,21,SCHEDULE
666,YouTube,21,SCHEDULE
667,Instagram,19,SCHEDULE
668,YouTube,23,SCHEDULE
669,YouTube,21,SCHEDULE
670,Instagram,21,SCHEDULE
671,YouTube,20,SCHEDULE
672,Instagram,18,SCHEDULE
673,YouTube,20,SCHEDULE
674,YouTube,21,POST_NOW
675,Instagram,21,SCHEDULE
676,Instagram,21,SCHEDULE
677,Instagram,19,SCHEDULE
678,YouTube,23,SCHEDULE
679,Instagram,18,SCHEDULE
680,YouTube,22,SCHEDULE
681,YouTube,20,SCHEDULE
682,Instagram,18,SCHEDULE
683,Instagram,19,SCHEDULE
684,Instagram,20,SCHEDULE
685,YouTube,22,SCHEDULE
686,Instagram,19,SCHEDULE
687,YouTube,22,POST_NOW
688,YouTube,22,SCHEDULE
689,YouTube,23,SCHEDULE
690,Instagram,22,SCHEDULE
691,YouTube,22,POST_NOW
692,YouTube,22,SCHEDULE
693,Instagram,19,SCHEDULE
694,Instagram,21,SCHEDULE
695,Instagram,21,SCHEDULE
696,YouTube,21,SCHEDULE
697,YouTube,20,SCHEDULE
698,Instagram,19,SCHEDULE
699,Instagram,19,SCHEDULE
700,YouTube,23,SCHEDULE
701,Instagram,22,SCHEDULE
702,Instagram,19,SCHEDULE
703,YouTube,20,POST_NOW
704,Instagram,21,SCHEDULE
705,YouTube,23,SCHEDULE
706,YouTube,21,SCHEDULE
707,YouTube,20,SCHEDULE
708,YouTube,23,SCHEDULE
709,YouTube,20,SCHEDULE
710,YouTube,20,SCHEDULE
711,Instagram,22,SCHEDULE
712,Instagram,19,SCHEDULE
713,Instagram,19,SCHEDULE
714,Instagram,19,SCHEDULE
715,YouTube,21,SCHEDULE
716,Instagram,18,SCHEDULE
717,Instagram,22,SCHEDULE
718,YouTube,23,SCHEDULE
719,YouTube,22,SCHEDULE
720,YouTube,21,SCHEDULE
721,YouTube,23,SCHEDULE
722,Instagram,22,SCHEDULE
723,Instagram,19,SCHEDULE
724,Instagram,19,SCHEDULE
725,Instagram,18,SCHEDULE
726,Instagram,22,SCHEDULE
727,Instagram,22,SCHEDULE
728,YouTube,22,SCHEDULE
729,Instagram,19,SCHEDULE
730,Instagram,19,SCHEDULE
731,Instagram,19,SCHEDULE
732,YouTube,22,SCHEDULE
733,YouTube,23,SCHEDULE
734,Instagram,22,SCHEDULE
735,YouTube,20,SCHEDULE
736,YouTube,20,SCHEDULE
737,Instagram,22,SCHEDULE
738,YouTube,20,SCHEDULE
739,Instagram,19,SCHEDULE
740,YouTube,20,SCHEDULE
741,YouTube,21,SCHEDULE
742,Instagram,22,SCHEDULE
743,YouTube,22,SCHEDULE
744,YouTube,21,SCHEDULE
745,YouTube,21,POST_NOW
746,YouTube,20,SCHEDULE
747,YouTube,23,SCHEDULE
748,Instagram,20,SCHEDULE
749,Instagram,19,SCHEDULE
750,Instagram,21,SCHEDULE
751,YouTube,23,SCHEDULE
752,YouTube,22,SCHEDULE
753,Instagram,21,SCHEDULE
754,YouTube,20,SCHEDULE
755,YouTube,21,SCHEDULE
756,Instagram,22,SCHEDULE
757,YouTube,21,SCHEDULE
758,Instagram,19,SCHEDULE
759,Instagram,18,SCHEDULE
760,YouTube,20,SCHEDULE
761,YouTube,21,SCHEDULE
762,YouTube,22,SCHEDULE
763,YouTube,21,SCHEDULE
764,YouTube,21,SCHEDULE
765,YouTube,21,SCHEDULE
766,Instagram,22,SCHEDULE
767,Instagram,22,SCHEDULE
768,YouTube,20,SCHEDULE
769,YouTube,20,SCHEDULE
770,YouTube,22,SCHEDULE
771,YouTube,22,POST_NOW
772,YouTube,21,SCHEDULE
773,Instagram,21,SCHEDULE
774,Instagram,21,SCHEDULE
775,Instagram,18,SCHEDULE
776,Instagram,20,SCHEDULE
777,YouTube,21,SCHEDULE
778,Instagram,21,SCHEDULE
779,Instagram,21,SCHEDULE
780,Instagram,22,SCHEDULE
781,Instagram,19,SCHEDULE
782,YouTube,21,POST_NOW
783,Instagram,19,SCHEDULE
784,Instagram,19,SCHEDULE
785,Instagram,21,SCHEDULE
786,YouTube,23,SCHEDULE
787,YouTube,20,SCHEDULE
788,Instagram,21,SCHEDULE
789,YouTube,20,SCHEDULE
790,Instagram,21,SCHEDULE
791,YouTube,23,SCHEDULE
792,Instagram,18,SCHEDULE
793,YouTube,20,SCHEDULE
794,YouTube,22,SCHEDULE
795,Instagram,22,SCHEDULE
796,Instagram,18,SCHEDULE
797,YouTube,23,SCHEDULE
798,Instagram,19,SCHEDULE
799,YouTube,21,SCHEDULE
800,YouTube,21,POST_NOW
801,Instagram,20,SCHEDULE
802,Instagram,21,SCHEDULE
803,Instagram,18,SCHEDULE
804,YouTube,22,SCHEDULE
805,YouTube,20,SCHEDULE
806,YouTube,22,SCHEDULE
807,Instagram,20,SCHEDULE
808,YouTube,20,SCHEDULE
809,YouTube,20,SCHEDULE
810,Instagram,19,SCHEDULE
811,Instagram,19,SCHEDULE
812,Instagram,22,SCHEDULE
813,YouTube,23,SCHEDULE
814,YouTube,20,SCHEDULE
815,YouTube,21,SCHEDULE
816,YouTube,22,SCHEDULE
817,Instagram,19,SCHEDULE
818,Instagram,22,SCHEDULE
819,YouTube,23,SCHEDULE
820,YouTube,23,SCHEDULE
821,YouTube,22,SCHEDULE
822,Instagram,19,SCHEDULE
823,Instagram,18,SCHEDULE
824,YouTube,23,SCHEDULE
825,YouTube,20,SCHEDULE
826,YouTube,23,SCHEDULE
827,YouTube,21,SCHEDULE
828,YouTube,22,SCHEDULE
829,YouTube,22,SCHEDULE
830,Instagram,20,SCHEDULE
831,YouTube,23,SCHEDULE
832,YouTube,23,SCHEDULE
833,Instagram,18,SCHEDULE
834,Instagram,19,SCHEDULE
835,YouTube,23,SCHEDULE
836,YouTube,23,SCHEDULE
837,YouTube,21,SCHEDULE
838,YouTube,23,SCHEDULE
839,YouTube,23,SCHEDULE
840,Instagram,18,SCHEDULE
841,Instagram,21,SCHEDULE
842,Instagram,18,SCHEDULE
843,YouTube,20,POST_NOW
844,Instagram,21,SCHEDULE
845,Instagram,18,SCHEDULE
846,YouTube,21,SCHEDULE
847,YouTube,20,SCHEDULE
848,Instagram,19,SCHEDULE
849,YouTube,21,SCHEDULE
850,Instagram,21,SCHEDULE
851,Instagram,19,SCHEDULE
852,YouTube,21,SCHEDULE
853,Instagram,19,SCHEDULE
854,YouTube,20,SCHEDULE
855,YouTube,20,SCHEDULE
856,YouTube,20,SCHEDULE
857,YouTube,21,SCHEDULE
858,Instagram,19,SCHEDULE
859,YouTube,21,SCHEDULE
860,Instagram,19,SCHEDULE
861,YouTube,23,SCHEDULE
862,YouTube,22,SCHEDULE
863,YouTube,23,SCHEDULE
864,YouTube,23,SCHEDULE
865,YouTube,23,POST_NOW
866,YouTube,22,SCHEDULE
867,Instagram,19,SCHEDULE
868,YouTube,21,SCHEDULE
869,YouTube,20,SCHEDULE
870,YouTube,21,SCHEDULE
871,YouTube,23,SCHEDULE
872,Instagram,22,SCHEDULE
873,Instagram,22,SCHEDULE
874,Instagram,21,SCHEDULE
875,Instagram,22,SCHEDULE
876,Instagram,21,SCHEDULE
877,YouTube,20,SCHEDULE
878,Instagram,19,SCHEDULE
879,YouTube,21,SCHEDULE
880,Instagram,19,SCHEDULE
881,Instagram,18,SCHEDULE
882,YouTube,21,SCHEDULE
883,Instagram,20,SCHEDULE
884,Instagram,21,SCHEDULE
885,YouTube,23,SCHEDULE
886,Instagram,21,SCHEDULE
887,Instagram,21,SCHEDULE
888,Instagram,18,SCHEDULE
889,YouTube,23,SCHEDULE
890,Instagram,22,SCHEDULE
891,Instagram,20,SCHEDULE
892,Instagram,18,SCHEDULE
893,Instagram,18,SCHEDULE
894,Instagram,19,SCHEDULE
895,YouTube,21,SCHEDULE
896,Instagram,21,SCHEDULE
897,YouTube,23,SCHEDULE
898,Instagram,21,SCHEDULE
899,YouTube,22,SCHEDULE
900,Instagram,22,SCHEDULE
901,Instagram,21,SCHEDULE
902,YouTube,20,SCHEDULE
903,YouTube,22,SCHEDULE
904,Instagram,18,SCHEDULE
905,YouTube,22,SCHEDULE
906,YouTube,21,SCHEDULE
907,YouTube,21,SCHEDULE
908,YouTube,23,SCHEDULE
909,Instagram,19,SCHEDULE
910,Instagram,19,SCHEDULE
911,YouTube,21,SCHEDULE
912,Instagram,21,SCHEDULE
913,YouTube,23,SCHEDULE
914,Instagram,21,SCHEDULE
915,YouTube,23,SCHEDULE
916,YouTube,22,SCHEDULE
917,YouTube,21,SCHEDULE
918,YouTube,21,SCHEDULE
919,Instagram,20,SCHEDULE
920,YouTube,22,SCHEDULE
921,YouTube,20,SCHEDULE
922,YouTube,21,SCHEDULE
923,Instagram,18,SCHEDULE
924,YouTube,22,SCHEDULE
925,Instagram,21,SCHEDULE
926,YouTube,22,SCHEDULE
927,YouTube,23,SCHEDULE
928,Instagram,19,SCHEDULE
929,YouTube,21,SCHEDULE
930,YouTube,20,SCHEDULE
931,Instagram,22,SCHEDULE
932,YouTube,23,SCHEDULE
933,YouTube,20,SCHEDULE
934,Instagram,18,SCHEDULE
935,Instagram,18,SCHEDULE
936,Instagram,19,SCHEDULE
937,Instagram,19,SCHEDULE
938,YouTube,21,POST_NOW
939,Instagram,19,SCHEDULE
940,Instagram,19,SCHEDULE
941,Instagram,19,SCHEDULE
942,Instagram,22,SCHEDULE
943,YouTube,20,SCHEDULE
944,Instagram,18,SCHEDULE
945,Instagram,22,SCHEDULE
946,YouTube,20,SCHEDULE
947,YouTube,22,SCHEDULE
948,YouTube,21,SCHEDULE
949,YouTube,20,POST_NOW
950,YouTube,23,SCHEDULE
951,YouTube,20,SCHEDULE
952,Instagram,21,SCHEDULE
953,YouTube,20,SCHEDULE
954,Instagram,19,SCHEDULE
955,YouTube,20,SCHEDULE
956,Instagram,18,SCHEDULE
957,Instagram,19,POST_NOW
958,Instagram,21,SCHEDULE
959,YouTube,22,SCHEDULE
960,Instagram,22,SCHEDULE
961,YouTube,22,SCHEDULE
962,YouTube,21,SCHEDULE
963,Instagram,18,SCHEDULE
964,YouTube,20,SCHEDULE
965,YouTube,21,SCHEDULE
966,YouTube,20,SCHEDULE
967,YouTube,22,SCHEDULE
968,YouTube,20,SCHEDULE
969,YouTube,21,SCHEDULE
970,YouTube,22,SCHEDULE
971,Instagram,21,SCHEDULE
972,YouTube,21,SCHEDULE
973,YouTube,23,SCHEDULE
974,YouTube,22,SCHEDULE
975,YouTube,23,SCHEDULE
976,YouTube,21,SCHEDULE
977,Instagram,22,SCHEDULE
978,YouTube,22,SCHEDULE
979,Instagram,18,SCHEDULE
980,YouTube,21,SCHEDULE
981,Instagram,19,SCHEDULE
982,Instagram,21,SCHEDULE
983,Instagram,20,SCHEDULE
984,Instagram,22,SCHEDULE
985,Instagram,18,SCHEDULE
986,Instagram,21,SCHEDULE
987,Instagram,21,SCHEDULE
988,YouTube,20,SCHEDULE
989,YouTube,22,SCHEDULE
990,Instagram,19,SCHEDULE
991,YouTube,21,SCHEDULE
992,YouTube,20,SCHEDULE
993,YouTube,22,SCHEDULE
994,Instagram,19,SCHEDULE
995,Instagram,20,SCHEDULE
996,Instagram,21,SCHEDULE
997,Instagram,21,SCHEDULE
998,YouTube,21,POST_NOW
999,Instagram,22,SCHEDULE
1000,Instagram,19,SCHEDULE
1001,Instagram,19,SCHEDULE
1002,Instagram,19,SCHEDULE
1003,YouTube,22,SCHEDULE
1004,YouTube,23,SCHEDULE
1005,Instagram,18,SCHEDULE
1006,Instagram,22,SCHEDULE
1007,YouTube,21,SCHEDULE
1008,Instagram,21,SCHEDULE
1009,YouTube,23,SCHEDULE
1010,Instagram,21,SCHEDULE
1011,Instagram,18,SCHEDULE
1012,Instagram,21,SCHEDULE
1013,Instagram,22,SCHEDULE
1014,YouTube,21,SCHEDULE
1015,Instagram,18,SCHEDULE
1016,Instagram,19,SCHEDULE
1017,YouTube,22,SCHEDULE
1018,Instagram,19,SCHEDULE
1019,YouTube,23,SCHEDULE
1020,Instagram,22,SCHEDULE
1021,YouTube,20,SCHEDULE
1022,YouTube,23,SCHEDULE
1023,Instagram,18,POST_NOW
1024,YouTube,21,SCHEDULE
1025,Instagram,22,SCHEDULE
1026,YouTube,23,SCHEDULE
1027,Instagram,19,SCHEDULE
1028,YouTube,21,SCHEDULE
1029,YouTube,20,SCHEDULE
1030,YouTube,21,SCHEDULE
1031,YouTube,22,SCHEDULE
1032,YouTube,23,SCHEDULE
1033,YouTube,20,SCHEDULE
1034,Instagram,19,SCHEDULE
1035,Instagram,21,SCHEDULE
1036,Instagram,21,SCHEDULE
1037,Instagram,19,SCHEDULE
1038,YouTube,21,SCHEDULE
1039,Instagram,22,SCHEDULE
1040,Instagram,19,SCHEDULE
1041,YouTube,21,POST_NOW
1042,YouTube,22,SCHEDULE
1043,YouTube,20,SCHEDULE
1044,Instagram,20,SCHEDULE
1045,YouTube,23,SCHEDULE
1046,Instagram,19,SCHEDULE
1047,Instagram,18,SCHEDULE
1048,YouTube,23,SCHEDULE
1049,YouTube,23,SCHEDULE
1050,Instagram,22,SCHEDULE
1051,Instagram,19,SCHEDULE
1052,Instagram,21,SCHEDULE
1053,YouTube,22,SCHEDULE
1054,YouTube,20,SCHEDULE
1055,Instagram,21,POST_NOW
1056,Instagram,18,SCHEDULE
1057,Instagram,19,SCHEDULE
1058,Instagram,22,SCHEDULE
1059,Instagram,19,SCHEDULE
1060,YouTube,22,SCHEDULE
1061,Instagram,19,SCHEDULE
1062,YouTube,23,SCHEDULE
1063,YouTube,21,SCHEDULE
1064,Instagram,22,SCHEDULE
1065,YouTube,23,SCHEDULE
1066,YouTube,22,SCHEDULE
1067,Instagram,19,SCHEDULE
1068,Instagram,22,SCHEDULE
1069,YouTube,21,SCHEDULE
1070,YouTube,21,SCHEDULE
1071,Instagram,19,SCHEDULE
1072,Instagram,18,SCHEDULE
1073,Instagram,22,SCHEDULE
1074,Instagram,22,SCHEDULE
1075,Instagram,18,SCHEDULE
1076,Instagram,18,SCHEDULE
1077,YouTube,20,SCHEDULE
1078,YouTube,20,SCHEDULE
1079,Instagram,22,SCHEDULE
1080,Instagram,22,SCHEDULE
1081,Instagram,19,SCHEDULE
1082,YouTube,20,SCHEDULE
1083,YouTube,20,SCHEDULE
1084,Instagram,19,SCHEDULE
1085,YouTube,20,SCHEDULE
1086,Instagram,22,SCHEDULE
1087,YouTube,23,SCHEDULE
1088,YouTube,21,SCHEDULE
1089,Instagram,20,SCHEDULE
1090,YouTube,23,SCHEDULE
1091,Instagram,19,POST_NOW
1092,YouTube,22,SCHEDULE
1093,Instagram,20,SCHEDULE
1094,YouTube,23,SCHEDULE
1095,Instagram,20,SCHEDULE
1096,Instagram,19,SCHEDULE
1097,YouTube,22,SCHEDULE
1098,Instagram,22,SCHEDULE
1099,Instagram,21,SCHEDULE
1100,Instagram,22,SCHEDULE
1101,YouTube,21,SCHEDULE
1102,YouTube,21,SCHEDULE
1103,YouTube,23,SCHEDULE
1104,Instagram,22,SCHEDULE
1105,Instagram,18,SCHEDULE
1106,YouTube,20,SCHEDULE
1107,YouTube,23,SCHEDULE
1108,Instagram,19,SCHEDULE
1109,YouTube,20,SCHEDULE
1110,YouTube,21,SCHEDULE
1111,Instagram,21,SCHEDULE
1112,Instagram,22,SCHEDULE
1113,Instagram,21,SCHEDULE
1114,Instagram,18,SCHEDULE
1115,Instagram,19,SCHEDULE
1116,YouTube,20,SCHEDULE
1117,YouTube,23,SCHEDULE
1118,YouTube,21,SCHEDULE
1119,YouTube,21,SCHEDULE
1120,Instagram,22,SCHEDULE
1121,YouTube,20,SCHEDULE
1122,Instagram,21,SCHEDULE
1123,YouTube,21,SCHEDULE
1124,Instagram,19,SCHEDULE
1125,YouTube,21,SCHEDULE
1126,Instagram,19,SCHEDULE
1127,Instagram,20,SCHEDULE
1128,Instagram,21,SCHEDULE
1129,Instagram,18,SCHEDULE
1130,YouTube,21,SCHEDULE
1131,YouTube,20,SCHEDULE
1132,Instagram,18,SCHEDULE
1133,Instagram,21,SCHEDULE
1134,Instagram,19,SCHEDULE
1135,Instagram,21,SCHEDULE
1136,Instagram,22,SCHEDULE
1137,Instagram,19,SCHEDULE
1138,Instagram,19,SCHEDULE
1139,Instagram,19,SCHEDULE
1140,YouTube,20,SCHEDULE
1141,Instagram,22,SCHEDULE
1142,Instagram,21,SCHEDULE
1143,YouTube,23,SCHEDULE
1144,Instagram,22,SCHEDULE
1145,Instagram,21,SCHEDULE
1146,YouTube,22,POST_NOW
1147,YouTube,22,SCHEDULE
1148,Instagram,22,SCHEDULE
1149,Instagram,22,SCHEDULE
1150,Instagram,21,SCHEDULE
1151,Instagram,22,SCHEDULE
1152,Instagram,21,SCHEDULE
1153,YouTube,20,SCHEDULE
1154,Instagram,21,SCHEDULE
1155,Instagram,21,SCHEDULE
1156,YouTube,21,SCHEDULE
1157,YouTube,22,SCHEDULE
1158,YouTube,22,SCHEDULE
1159,YouTube,21,SCHEDULE
1160,YouTube,23,SCHEDULE
1161,YouTube,20,SCHEDULE
1162,YouTube,20,POST_NOW
1163,Instagram,19,SCHEDULE
1164,Instagram,22,SCHEDULE
1165,Instagram,22,SCHEDULE
1166,YouTube,21,SCHEDULE
1167,Instagram,19,SCHEDULE
1168,Instagram,19,SCHEDULE
1169,Instagram,22,SCHEDULE
1170,YouTube,22,SCHEDULE
1171,Instagram,19,SCHEDULE
1172,YouTube,21,SCHEDULE
1173,YouTube,22,SCHEDULE
1174,YouTube,21,SCHEDULE
1175,YouTube,21,SCHEDULE
1176,Instagram,18,SCHEDULE
1177,YouTube,21,SCHEDULE
1178,YouTube,20,SCHEDULE
1179,Instagram,21,SCHEDULE
1180,Instagram,22,SCHEDULE
1181,YouTube,20,SCHEDULE
1182,Instagram,22,SCHEDULE
1183,YouTube,22,SCHEDULE
1184,YouTube,21,SCHEDULE
1185,Instagram,19,SCHEDULE
1186,YouTube,21,SCHEDULE
1187,YouTube,20,SCHEDULE
1188,YouTube,21,SCHEDULE
1189,Instagram,19,SCHEDULE
1190,Instagram,19,SCHEDULE
1191,Instagram,22,SCHEDULE
1192,Instagram,18,SCHEDULE
1193,YouTube,21,SCHEDULE
1194,YouTube,23,SCHEDULE
1195,Instagram,19,SCHEDULE
1196,YouTube,20,SCHEDULE
1197,YouTube,22,SCHEDULE
1198,YouTube,21,SCHEDULE
1199,Instagram,19,SCHEDULE
1200,Instagram,18,SCHEDULE
